name,codes,designation,title,notes
Adam,id000625; id009474,(id000625) le Père; (id009474) NA,(id000625) NA; (id009474) NA,"(id000625) MS1000a only mentions 1 letter - card index notes 5, some of which do not appear in Besterman. ;(id009474) NA"
"Agrippa, Heinrich Cornelius",id010116; id010119,(id010116) NA; (id010119) NA,(id010116) NA; (id010119) NA,(id010116) NA ;(id010119) NA
Albert,id000332; id002804; id003005; id007638,(id000332) NA; (id002804) NA; (id003005) NA; (id007638) NA,(id000332) NA; (id002804) NA; (id003005) NA; (id007638) NA,(id000332) NA ;(id002804) NA ;(id003005) NA ;(id007638) NA
"Alletz, Pons Augustin",id007178; id010100,(id007178) NA; (id010100) NA,(id007178) NA; (id010100) NA,(id007178) NA ;(id010100) NA
"Amedroz, Abraham",id000177; id002343,(id000177) NA; (id002343) NA,(id000177) NA; (id002343) NA,"(id000177) Maréchal de camp, au service de France  Possibly same person as Amédroz le jeune (qv.). ;(id002343) NA"
Amet,id000285; id000286,(id000285) NA; (id000286) fils,(id000285) NA; (id000286) NA,(id000285) NA ;(id000286) NA
André,id002273; id003538,(id002273) NA; (id003538) NA,(id002273) NA; (id003538) NA,"(id002273) Permission simple notes: Listed as a bookseller in 1781 Almanach de la Librairie. Born in 1742 he was received as Master Bookseller in Troyes in 1773 and became Printer in 1781. In business til death in 1808, when he was succeeded by his widow. See Mellot et al. ;(id003538) NA"
"Argens, Jean-Baptiste Boyer, Marquis d'",id010138; id010217,(id010138) NA; (id010217) NA,(id010138) NA; (id010217) NA,(id010138) NA ;(id010217) NA
Arnaud,id000287; id001580; id002417,(id000287) NA; (id001580) NA; (id002417) NA,(id000287) NA; (id001580) NA; (id002417) NA,"(id000287) NA ;(id001580) NA ;(id002417) MS1000a lists as a 'typographe', BPUN card index as an 'imprimeur'."
Aubouin,id000962; id001667; id001685,(id000962) fils; (id001667) NA; (id001685) NA,(id000962) NA; (id001667) NA; (id001685) NA,(id000962) Included documents- 1 'billet a.s.' 23/02/1775. ;(id001667) NA ;(id001685) 'Ami de M. Malesherbes'. 'Ami de M. Malesherbes'.
"Auffray, Jean",id001686; id004456,(id001686) NA; (id004456) NA,(id001686) NA; (id004456) NA,"(id001686) French economist, member of the Academies of Metz and Marseille. ;(id004456) NA"
Augustin,id004292; id009485,(id004292) NA; (id009485) NA,(id004292) NA; (id009485) NA,(id004292) NA ;(id009485) NA
Avelot,id003078; id007663,(id003078) Mlle; (id007663) NA,(id003078) NA; (id007663) NA,(id003078) NA ;(id007663) Client location after middleman data.
Balthasar,id002174; id002177,(id002174) NA; (id002177) NA,(id002174) NA; (id002177) NA,(id002174) NA ;(id002177) NA
"Barbeyrac, Jean",id004662; id010158,(id004662) NA; (id010158) NA,(id004662) NA; (id010158) NA,(id004662) NA ;(id010158) NA
"Barbier, François",id003008; id007801,(id003008) NA; (id007801) NA,(id003008) NA; (id007801) NA,"(id003008) NA ;(id007801) Printer-bookseller at Poitiers from c.1776-c.1818. Almanach de la Librarie for 1781 lists him as business partner of Jean-Felix Faulcon, his father-in-law, whom he succeeded as printer in 1783. A permission given to a François Barbier supposedly of Saumur was clearly intended for the Poitiers printer, and so the data has been corrected in the actual place of publication."
"Barbou, Joseph-Gérard",id003888; id007955,(id003888) NA; (id007955) NA,(id003888) NA; (id007955) NA,"(id003888) NA ;(id007955) Permission simple notes: Only one Barbou is listed in the Almanach de la Librairie, 1781, as a printer specialising in Livres classiques. This matches with data in Permission simple register, which describes Barbou as a 'printer' and recipient for a permission for an edition of Cicero's letters. In business 1752 to 1789 according to Mellot et al."
"Barde, Paul",id000733; id000735,(id000733) NA; (id000735) NA,(id000733) NA; (id000735) NA,(id000733) NA ;(id000735) NA
Barnoin,id001381; id001382,(id001381) père; (id001382) fils,(id001381) NA; (id001382) NA,(id001381) NA ;(id001382) NA
Bassompierre,id000738; id002500,(id000738) NA; (id002500) NA,(id000738) NA; (id002500) NA,"(id000738) See also: Société typographique de Genève: Boin, d'Ivernois & Bassompierre. ;(id002500) NA"
"Bastien, Jean-François",id001692; id003278,(id001692) NA; (id003278) NA,(id001692) NA; (id003278) NA,"(id001692) Stock Sales Notes: Active 1771-c.1822. Also in FBTEE-1 database. Details here after Mellot et al. Confiscations notes: Identity confirmed by imprint in confiscated books 'Eloge de Voltaire' and worldcat match for confiscation record 1035. Permission simple notes: Source data describes Bastien as a libraire and Mellot et al., and Almanach de la Librairie (1781) identify only one person of this name active in Paris at this time: Jean-Francois Bastien (1747-1824, traded 1771-c.1822). ;(id003278) NA"
Batilliot,id001693; id008293,(id001693) l'aîné; (id008293) NA,(id001693) NA; (id008293) M.,"(id001693) NB MS1106 is damaged here an at least two more letters in CLG1 or CLG2 should be assumed. ;(id008293) It has been assumed that the many references to Bastilliot, Batilliot and Batillot in the confiscation register, all dating from period 1778-1784, refer to the same person. However, no external references to booksellers of this name prior to 1790 are found in CERL. Thereafter examples in Paris and Cap François. Unusually, Batilliot never signed the register himself, and his works were collected by several different agents, thought the names A. Huin, Lavocat, and Petit recur."
Baud,id002053; id002806,(id002053) NA; (id002806) NA,(id002053) NA; (id002806) NA,(id002053) NA ;(id002806) NA
Baudouin,id007751; id008295,(id007751) NA; (id008295) NA,(id007751) NA; (id008295) Monsieur,(id007751)  ;(id008295) Possibly the Paris bookseller Jean-François Baudouin.
Bauer,id001668; id002203; id002205,(id001668) NA; (id002203) NA; (id002205) NA,(id001668) NA; (id002203) NA; (id002205) NA,(id001668) NA ;(id002203) NA ;(id002205) NA
"Beaufils, Guillaume",id006641; id007804,(id006641) NA; (id007804) NA,(id006641) NA; (id007804) NA,"(id006641) NA ;(id007804) Listed as a printer-bookseller in Almanach de la Librairie, 1781. Not listed in Mellot et al."
Beaurain,id001697; id002807; id009074,(id001697) fils; (id002807) NA; (id009074) NA,(id001697) le chevalier de; (id002807) le chevalier de; (id009074) NA,"(id001697) Fils de Chev. Jean de Beaurain See dossier Grimoard. ;(id002807) NA ;(id009074) Beaurain signed three times for Debure fils aine. No matching record in confiscation register. The customs register record is in the June run of entries, not July. Beaurain signature checked"
"Begue, Henri",id002515; id007566,(id002515) NA; (id007566) NA,(id002515) NA; (id007566) NA,(id002515) NA ;(id007566) Not listed in MS1000a.
"Béguillet, Edme",id002516; id007567,(id002516) NA; (id007567) NA,(id002516) NA; (id007567) NA,"(id002516) NA ;(id007567) Not listed in MS1000a  Member of the Royal Academy of Sciences of Paris, 'de celle des Inscript. et Belles Lettres', and the the Institute of Bologne."
Bellier,id000417; id001699,(id000417) NA; (id001699) NA,(id000417) NA; (id001699) NA,(id000417) NA ;(id001699) NA
Benoist,id002646; id009502,(id002646) NA; (id009502) NA,(id002646) NA; (id009502) NA,(id002646) NA ;(id009502) NA
"Bérenger, Jean-Pierre",id000964; id002377,(id000964) NA; (id002377) NA,(id000964) NA; (id002377) NA,(id000964) NA ;(id002377) NA
Bergier,id000576; id002648,(id000576) NA; (id002648) NA,(id000576) NA; (id002648) NA,(id000576) NA ;(id002648) NA
"Bergier, Nicolas-Sylvestre",id006275; id010176,(id006275) NA; (id010176) NA,(id006275) NA; (id010176) NA,(id006275) NA ;(id010176) NA
"Bernard, Jean-Frédéric",id006196; id010128; id010208,(id006196) NA; (id010128) NA; (id010208) NA,(id006196) NA; (id010128) NA; (id010208) NA,(id006196) NA ;(id010128) NA ;(id010208) NA
Bertin,id002706; id009505,(id002706) NA; (id009505) NA,(id002706) NA; (id009505) NA,(id002706) NA ;(id009505) NA
Bertrand,id000210; id000420; id000715; id001062; id001063; id002238; id002418; id002518; id002971; id003106,(id000210) NA; (id000420) NA; (id000715) NA; (id001062) Vve; (id001063) fils; (id002238) NA; (id002418) fils; (id002518) NA; (id002971) NA; (id003106) NA,(id000210) NA; (id000420) NA; (id000715) NA; (id001062) NA; (id001063) NA; (id002238) NA; (id002418) NA; (id002518) NA; (id002971) Mme; (id003106) NA,(id000210) NA ;(id000420) NA ;(id000715) NA ;(id001062) NA ;(id001063) NA ;(id002238) NA ;(id002418) NA ;(id002518) NA ;(id002971) NA ;(id003106) NA
"Bertrand, Jean",id003921; id007725,(id003921) NA; (id007725) NA,(id003921) NA; (id007725) NA,(id003921) NA ;(id007725) Permission simple notes: All entries to Jean Bertrand in the register refer to him as libraire; one gives his Christian name as well.
Bethmann,id000655; id000656,(id000655) NA; (id000656) NA,(id000655) NA; (id000656) NA,(id000655) NA ;(id000656) NA
Beury [de],id000380; id000381,(id000380) NA; (id000381) NA,(id000380) NA; (id000381) NA,(id000380) NA ;(id000381) NA
Billon,id000456; id000457,(id000456) NA; (id000457) NA,(id000456) NA; (id000457) NA,(id000456) NA ;(id000457) NA
"Blackstone, William",id007152; id010114,(id007152) NA; (id010114) NA,(id007152) NA; (id010114) NA,(id007152) NA ;(id010114) NA
Blanchenay,id001406; id001407,(id001406) NA; (id001407) NA,(id001406) NA; (id001407) NA,(id001406) NA ;(id001407) NA
Blanchet,id002650; id009512,(id002650) NA; (id009512) NA,(id002650) NA; (id009512) NA,(id002650) NA ;(id009512) NA
Blin,id009076; id009513,(id009076) NA; (id009513) NA,(id009076) NA; (id009513) NA,(id009076) NA ;(id009513) NA
Bolle,id002346; id002420,(id002346) NA; (id002420) cadet,(id002346) NA; (id002420) NA,(id002346) NA ;(id002420) NA
Bonnardet,id002809; id002810,(id002809) NA; (id002810) NA,(id002809) NA; (id002810) NA,(id002809) NA ;(id002810) NA
"Bonnet, Jean-Jacques",id000749; id000750,(id000749) cadet; (id000750) NA,(id000749) NA; (id000750) NA,(id000749) NA ;(id000750) NA
Borel,id000291; id000757; id001496; id002348; id002519; id002764; id003115; id008348,(id000291) NA; (id000757) Vve; (id001496) NA; (id002348) NA; (id002519) NA; (id002764) NA; (id003115) NA; (id008348) NA,(id000291) NA; (id000757) NA; (id001496) NA; (id002348) NA; (id002519) NA; (id002764) NA; (id003115) NA; (id008348) M.,(id000291) NA ;(id000757) NA ;(id001496) NA ;(id002348) NA ;(id002519) Additional documents - 2 'factures a.s.' 19/11/1774 & 15/06/1776. ;(id002764) NA ;(id003115) NA ;(id008348) Borel signature checked: all signatures relate to same person
Bosset,id002927; id003226; id009522,(id002927) NA; (id003226) fils; (id009522) NA,(id002927) NA; (id003226) NA; (id009522) NA,(id002927) NA ;(id003226) Client location after transactions data. ;(id009522) NA
Bouchard,id002007; id009525,(id002007) NA; (id009525) NA,(id002007) NA; (id009525) NA,(id002007) NA ;(id009525) NA
Bouchet,id000076; id002113,(id000076) Vve Louis; (id002113) NA,(id000076) NA; (id002113) NA,(id000076) Vve Louis. ;(id002113) NA
Boujar,id002520; id007569,(id002520) NA; (id007569) NA,(id002520) NA; (id007569) NA,(id002520) NA ;(id007569) NA
"Boullier, David Renaud",id007043; id010129,(id007043) NA; (id010129) NA,(id007043) NA; (id010129) NA,(id007043) NA ;(id010129) NA
Bourgeois,id001431; id009100,(id001431) fils; (id009100) NA,(id001431) NA; (id009100) NA,(id001431) NA ;(id009100) NA
Bousson,id001934; id002114,(id001934) NA; (id002114) NA,(id001934) NA; (id002114) NA,(id001934) NA ;(id002114) NA
Bouwy,id002047; id002135,(id002047) NA; (id002135) NA,(id002047) NA; (id002135) NA,(id002047) Additional document - 1 'lettre de recommandation en faveur de Ch. Fr. Tiphaigne de La Roche'. ;(id002135) Littérateur?
"Bovet, Jean-Jacques",id000633; id001555,(id000633) NA; (id001555) NA,(id000633) NA; (id001555) NA,(id000633) NA ;(id001555) NA
Boyer,id002002; id009961,(id002002) NA; (id009961) NA,(id002002) NA; (id009961) NA,(id002002) NA ;(id009961) Boyer has not been fully identified. Boyer's address is given in the 1786 Almanac Royal list of censeurs royaux for 'Belles lettres & histoire' as 'rue de Grenelle Saint Honore'. He is not listed as a censor in the 1781 Almanach de la Librarie.' NFI.
"Brandt, Ab.",id002522; id007571,(id002522) NA; (id007571) NA,(id002522) NA; (id007571) NA,(id002522) NA ;(id007571) Additional document - 1 'reçu' 03/07/1787.
"Bret, Antoine",id005817; id009964,(id005817) NA; (id009964) NA,(id005817) NA; (id009964) NA,"(id005817) NA ;(id009964) Censor for Belles Lettres & Histoire. ID after Sgard, 'Dictionnaire de Journaux'"
"Brisson, Mathurin-Jacques",id003924; id009965,(id003924) NA; (id009965) NA,(id003924) NA; (id009965) NA,(id003924) NA ;(id009965) Censor for Belles Lettres & Histoire. ID after title page of 'Pesanteur specifique du corps'. Wikipedia page describes as Zoologist and natural philosopher.
"Brosses, Charles de",id003977; id010205,(id003977) NA; (id010205) NA,(id003977) NA; (id010205) NA,(id003977) NA ;(id010205) NA
Brun,id000766; id002928; id007974,(id000766) NA; (id002928) NA; (id007974) NA,(id000766) NA; (id002928) NA; (id007974) NA,(id000766) NA ;(id002928) NA ;(id007974) Listed as retired in 1781 'Almanach de la Librairie'
Brunet,id000767; id001185; id007975,(id000767) NA; (id001185) Cadet; (id007975) NA,(id000767) NA; (id001185) NA; (id007975) NA,"(id000767) See also dossier Flournoy et Rainaldis 02/02/1780. ;(id001185) NA ;(id007975) Not clear who is intended by this reference in stock sale records of Merlin (1779). Could be Thomas (who was at later stock sales) or Pierre-Prudence (who was at earlier ones), so this separate entry has been made.  Due to context, has been assumed to be a Libraire."
Bruyset,id001187; id001188; id001190; id007814,(id001187) NA; (id001188) NA; (id001190) fils; (id007814) NA,(id001187) NA; (id001188) NA; (id001190) NA; (id007814) NA,"(id001187) NA ;(id001188) NA ;(id001190) Succeeded Pierre Bruyset Ponthus. Permission simple notes: Recorded as a bookselling business in the Almanach de la Librairie for 1781, although J.-M. Bruysset the father is also listed as a Printer in the same source. Presumably this is because the son gained permission to serve as a bookseller in 1768 but was only received as a printer in 1783. Early permission simples attributed to J.-M. Bruysset probably therefore refer only to the father. The father-son partnership apparently lasted from 1774 to c. 1791 according to Mellot et al. The older Jean-Marie Bruysset traded from c. 1744 to c.1791 and died in 1793; the younger Jean-Marie Bruysset, the eldest of his sons, was condemned to death in the Terror for printing 'billets obsidionaux' during the siege of Lyon, but his brother Pierre-Marie died in his place (25-12-1793) and he lived on until 1817. ;(id007814) Bruyset imprimeur-libraire could at this date apply to Jean-Marie Bruyset, pere, (1719-1793); his son Jean-Marie Bruysset (1744-1817), who became a printer in 1784, or their business partnership. Due to these ambiguities, this reference has been treated as a separate client."
Bugnot,id001325; id002708,(id001325) NA; (id002708) NA,(id001325) NA; (id002708) Mme la Chatel.,(id001325) NA ;(id002708) NA
"Cadet-de-Vaux, Antoine-Alexis",id004277; id009969,(id004277) NA; (id009969) NA,(id004277) NA; (id009969) NA,(id004277) NA ;(id009969) NA
"Cailleau, André-Charles",id001714; id003253,(id001714) NA; (id003253) NA,(id001714) NA; (id003253) NA,"(id001714) Additional document - 1 'prospectus' 11/09/1780. Stock Sales Notes: Active 1753-1798. Also appears as Cailleau, imprimeur, in FBTEE_1 with matching addresses.  Identified through Mellot et al. Present as adjoint at Brunet stock sale in Dec. 1787. Not to be confused with his son F.-P.-V. Cailleau, fils, (active from 1788). Confiscations notes: Signature matches other Cailleau signatures, with addition of initial, further confirming identification. ;(id003253) NA"
"Cambiagi, Gaetano",id002627; id007616,(id002627) NA; (id007616) NA,(id002627) NA; (id007616) NA,(id002627) NA ;(id007616) NA
Camosi de Sarzane,id003091; id007665,(id003091) NA; (id007665) NA,(id003091) NA; (id007665) NA,(id003091) NA ;(id007665) Client location from middleman data.
Cantini,id001715; id008391,(id001715) NA; (id008391) NA,(id001715) NA; (id008391) M.,"(id001715) NA ;(id008391) Possibly banker Cantini, as in FBTEE-1.0 database"
"Caris, Antoine",id000077; id000418,(id000077) NA; (id000418) NA,(id000077) NA; (id000418) NA,(id000077) NA ;(id000418) NA
Caron,id007816; id007817; id007818; id008405; id009540,(id007816) NA; (id007817) NA; (id007818) NA; (id008405) NA; (id009540) NA,(id007816) NA; (id007817) NA; (id007818) NA; (id008405) M.; (id009540) NA,"(id007816) Described in source data as a printer; no record of his name found in Mellot et al., Almanach de la Librairie or Worldcat, suggesting this was a clerk's error and that he might have been one of numerous Caron found in book trade in other towns across France. ;(id007817) Not recorded in Almanach de la Librairie or Mellot et al., nor found in Worldcat. Possibly a clerk's error and Amiens was intended, but source data is clear. ;(id007818) No printers called Caron to Neufchateau have been traced through usual sources: this entry would appear an error, but there is a similar reference to a dame[?] Caron, printer-bookseller, in Neufchateau in the register from July 1787. ;(id008405) NA ;(id009540) NA"
Carpentier,id006856; id009546,(id006856) NA; (id009546) NA,(id006856) NA; (id009546) NA,(id006856) NA ;(id009546) NA
Castanier,id002866; id002867,(id002866) NA; (id002867) NA,(id002866) NA; (id002867) NA,(id002866) NA ;(id002867) NA
"Cetti, Carlo",id002629; id007618,(id002629) NA; (id007618) NA,(id002629) NA; (id007618) NA,(id002629) NA ;(id007618) Bookseller according to MS1112.
Chaillet,id001547; id002865,(id001547) NA; (id002865) NA,(id001547) NA; (id002865) NA,(id001547) NA ;(id002865) NA
Chalon,id001196; id001197,(id001196) NA; (id001197) NA,(id001196) NA; (id001197) NA,(id001196) NA ;(id001197) NA
Chandelle,id001929; id002978,(id001929) NA; (id002978) NA,(id001929) NA; (id002978) Mme,"(id001929) Last letters in MS1110 are to Mme Chandelle, libraire. ;(id002978) Last letters in MS1110 are to Mme Chandelle, libraire."
Chappuis,id000359; id000360; id000774; id000775,(id000359) NA; (id000360) NA; (id000774) fils; (id000775) NA,(id000359) NA; (id000360) NA; (id000774) NA; (id000775) NA,(id000359) NA ;(id000360) NA ;(id000774) NA ;(id000775) NA
Chapuis,id002425; id002652; id002710,(id002425) NA; (id002652) NA; (id002710) NA,(id002425) NA; (id002652) NA; (id002710) NA,(id002425) NA ;(id002652) NA ;(id002710) NA
Charmet,id000294; id002523,(id000294) NA; (id002523) Vve,(id000294) NA; (id002523) NA,(id000294) Stock Sales Notes: no christian name in STN data. Identified as printer there. ;(id002523) Stock Sales Notes: no christian name in STN data. Identified as printer there.
"Chevrier, François-Antoine",id003919; id010117; id010164,(id003919) NA; (id010117) NA; (id010164) NA,(id003919) NA; (id010117) NA; (id010164) NA,(id003919) NA ;(id010117) NA ;(id010164) NA
Chiffre,id001200; id001201,(id001200) NA; (id001201) NA,(id001200) NA; (id001201) NA,(id001200) NA ;(id001201) NA
"Chirac, Pierre",id006134; id007829,(id006134) NA; (id007829) NA,(id006134) NA; (id007829) NA,"(id006134) NA ;(id007829) Listed as a printer-bookseller in 1781 Almanach de la Librairie. Described on various imprints as ' imprimeur du roi, de Mgr. l'e?ve?que du clerge?, de la ville & du colle?ge'. His imprints in Worldcat span period 1749-1788. Have been replaced by imprints of R.Chirac from 1790 onwards."
"Chirol, Barthélemy",id000780; id000852,(id000780) NA; (id000852) NA,(id000780) NA; (id000852) NA,(id000780) NA ;(id000852) NA
Chollet,id000686; id000687,(id000686) NA; (id000687) NA,(id000686) NA; (id000687) NA,(id000686) NA ;(id000687) NA
Christin,id000422; id000783; id002054; id002426; id002427,(id000422) NA; (id000783) NA; (id002054) fils; (id002426) père; (id002427) fils,(id000422) NA; (id000783) NA; (id002054) NA; (id002426) NA; (id002427) NA,(id000422) NA ;(id000783) NA ;(id002054) NA ;(id002426) NA ;(id002427) NA
Claudet,id001203; id001204; id001205,(id001203) NA; (id001204) NA; (id001205) fils,(id001203) NA; (id001204) NA; (id001205) NA,(id001203) NA ;(id001204) NA ;(id001205) NA
Clavière,id000784; id002980,(id000784) NA; (id002980) NA,(id000784) NA; (id002980) NA,(id000784) NA ;(id002980) NA
Clerck [de],id003195; id003196,(id003195) NA; (id003196) Fils,(id003195) NA; (id003196) NA,(id003195) NA ;(id003196) NA
Clottu,id002633; id002773; id002818; id002931,(id002633) NA; (id002773) NA; (id002818) NA; (id002931) NA,(id002633) NA; (id002773) NA; (id002818) NA; (id002931) NA,(id002633) 'Relieur de la S.T.N.' Additional documents - 1 'quittance a.s.' 28/05/1785. ;(id002773) NA ;(id002818) NA ;(id002931) NA
"Collins, Anthony",id005213; id010155,(id005213) NA; (id010155) NA,(id005213) NA; (id010155) NA,(id005213) NA ;(id010155) NA
"Colombier, Jean",id003936; id009974,(id003936) NA; (id009974) NA,(id003936) NA; (id009974) NA,(id003936) NA ;(id009974) Censor for Medicine. ID after 'Biographie ardennaise' entry.
"Compan, Charles",id004333; id010196,(id004333) NA; (id010196) NA,(id004333) NA; (id010196) NA,(id004333) NA ;(id010196) NA
Couché,id000975; id001719,(id000975) NA; (id001719) NA,(id000975) NA; (id001719) NA,(id000975) NA ;(id001719) Dossier includes some 'echantillons de caracteres'.
"Couret de Villeneuve, Louis-Pierre",id004326; id007832,(id004326) NA; (id007832) NA,(id004326) NA; (id007832) Mr.,"(id004326) NA ;(id007832) At date of this entry, Louis-Pierre was only Couret de Villeneuve in the trade according to CERL. Permission simple notes: Listed as printer-bookseller, Couret de Villeneuve, fils, in the Almanach de la Librarie for 1781; Mellot et al. clarfiy that he traded at Orleans from 1771 to 1794, when he went into liquidation (though also established at Paris 1791-8 and in Orleans again 1797) and gained his printer's status in 1776. Earliest two permissions to Couret de Villeneuve, dating from 1797, could possibly belong to his father, Martin Couret de Villeneuve (died 21 October 1780), who was also a printer-bookseller at Orleans. Louis-Pierre was also successor to his father and brother in law to the media baron Charles-Joseph Panckoucke."
"Crommelin, Isaac-Matthieu",id000061; id000901,(id000061) NA; (id000901) NA,(id000061) NA; (id000901) NA,(id000061) NA ;(id000901) NA
Curmer-Neilson,id002524; id007572,(id002524) NA; (id007572) NA,(id002524) NA; (id007572) NA,(id002524) NA ;(id007572) Additional document - 1 'facture' 26/06/1780.
"Damiens de Gomicourt, Auguste-Pierre",id005773; id010137,(id005773) NA; (id010137) NA,(id005773) NA; (id010137) NA,(id005773) NA ;(id010137) NA
"Dampmartin, Anne-Henri [de]",id001727; id002303,(id001727) NA; (id002303) NA,(id001727) Vicomte; (id002303) Vicomte,(id001727) NA ;(id002303) NA
Dangirard,id001728; id001729; id001996,(id001728) NA; (id001729) NA; (id001996) NA,(id001728) NA; (id001729) NA; (id001996) NA,(id001728) NA ;(id001729) NA ;(id001996) NA
Daniel,id007181; id008467,(id007181) NA; (id008467) NA,(id007181) NA; (id008467) M.,(id007181) NA ;(id008467) NA
Dardel,id002048; id002049,(id002048) NA; (id002049) NA,(id002048) NA; (id002049) NA,(id002048) NA ;(id002049) Additional documents - a 'billet a.s.' 04/05/1777.
David,id000004; id009581,(id000004) NA; (id009581) NA,(id000004) NA; (id009581) NA,(id000004) NA ;(id009581) NA
Decoppet,id002431; id002432,(id002431) NA; (id002432) fils,(id002431) NA; (id002432) NA,(id002431) NA ;(id002432) NA
"Demachy, Jacques-François",id001732; id005347; id009976,(id001732) NA; (id005347) NA; (id009976) NA,(id001732) NA; (id005347) NA; (id009976) NA,"(id001732) NA ;(id005347) NA ;(id009976) ID after LoC name authority file: http://id.loc.gov/authorities/names/n89225538.html. It reveals his ' His Manuel du pharmacien, ou, Instructions sur les différens objets d'etudes nécessaires aux elèves en pharmacie', (1788) title-page reads 'M. Demachy; censeur royale, démonstrateur d'histoire naturelle au College de pharmacie de Paris.'"
"Démeunier, Jean-Nicolas",id004304; id010031,(id004304) NA; (id010031) NA,(id004304) NA; (id010031) NA,(id004304) NA ;(id010031) ID after his wikipedia entry: identified there as censeur royal.
Denis,id000429; id008494,(id000429) NA; (id008494) NA,(id000429) NA; (id008494) M.,(id000429) NA ;(id008494) NA
Dentan,id002433; id007550,(id002433) NA; (id007550) NA,(id002433) NA; (id007550) NA,(id002433) NA ;(id007550) NA
Des Essarts,id008497; id010097,(id008497) NA; (id010097) NA,(id008497) M.; (id010097) Chevalier,(id008497) Name is hard to decipher. Des Esard in the customs register. ;(id010097) NA
Desbordes,id007744; id009174,(id007744) NA; (id009174) NA,(id007744) NA; (id009174) NA,(id007744)  ;(id009174) NA
Desgranges,id001166; id008510,(id001166) NA; (id008510) NA,(id001166) NA; (id008510) M.,(id001166) From 29/09/1781 see Desgranges père et fils cadet. ;(id008510) NA
"Desnos, Louis-Charles",id003481; id008021,(id003481) NA; (id008021) NA,(id003481) NA; (id008021) NA,"(id003481) NA ;(id008021) Almanach de la Librarie of 1781 appears to suggest is in business with Deschamps (same street, same type of books, bracketed together) Confiscations notes: Life data 1725-1805. Active in Paris 1753-1805. Only bookseller of this name listed in CERL."
Desprez,id009169; id009600,(id009169) NA; (id009600) NA,(id009169) NA; (id009600) NA,(id009169) NA ;(id009600) Desprez Signature not that of G-N. Desprez. Owner name spelt Des Esard in customs register.
Devaux,id000297; id009602,(id000297) NA; (id009602) NA,(id000297) NA; (id009602) NA,(id000297) NA ;(id009602) name as in signature
"Diderot, Denis",id005111; id010216; id010240,(id005111) NA; (id010216) NA; (id010240) NA,(id005111) NA; (id010216) NA; (id010240) NA,(id005111) NA ;(id010216) NA ;(id010240) NA
Didier,id000776; id002715; id002716,(id000776) NA; (id002715) Vve; (id002716) fils,(id000776) NA; (id002715) NA; (id002716) NA,(id000776) NA ;(id002715) NA ;(id002716) NA
"Dorat, Claude-Joseph",id010127; id010178,(id010127) NA; (id010178) NA,(id010127) NA; (id010178) NA,(id010127) NA ;(id010178) NA
Dormingue,id003094; id007666,(id003094) NA; (id007666) NA,(id003094) NA; (id007666) NA,(id003094) NA ;(id007666) Client location after middleman data.
"Du Laurens, Henri-Joseph",id005808; id010134; id010218,(id005808) NA; (id010134) NA; (id010218) NA,(id005808) NA; (id010134) NA; (id010218) NA,(id005808) NA ;(id010134) NA ;(id010218) NA
"Du Marsais, César Chesneau",id005537; id010202,(id005537) NA; (id010202) NA,(id005537) NA; (id010202) NA,(id005537) NA ;(id010202) NA
"Du Moulin, Pierre",id006178; id010232,(id006178) NA; (id010232) NA,(id006178) NA; (id010232) NA,(id006178) NA ;(id010232) NA
"Du Moulin, Pierre-François",id010122; id010123; id010124,(id010122) NA; (id010123) NA; (id010124) NA,(id010122) NA; (id010123) NA; (id010124) NA,(id010122) NA ;(id010123) NA ;(id010124) NA
Du Puget,id002435; id009161,(id002435) fils; (id009161) NA,(id002435) NA; (id009161) NA,(id002435) NA ;(id009161) NA
Dubois,id000003; id002245; id002528,(id000003) l'aîné; (id002245) NA; (id002528) NA,(id000003) NA; (id002245) NA; (id002528) NA,(id000003) NA ;(id002245) Additional documents - 1 'lettre de change' 09/04/1775; 1 'protet' 09/11/1775; 3 'lettres à Moreau' 1778; 1 'lettre à M.L. Meuron' 10/1775; 2 undated 'mémoires'.  See dossier Moreau 02/1778. ;(id002528) Officer au régt. de Castilla. Additional document - 1 'reçu' 11/01/1787.
"Dubois, Philippe",id001089; id006613,(id001089) NA; (id006613) NA,(id001089) NA; (id006613) NA,(id001089) NA ;(id006613) NA
Dubuisson,id002762; id008536,(id002762) NA; (id008536) NA,(id002762) NA; (id008536) M.,(id002762) NA ;(id008536) NA
"Duby, E. Samuel",id002530; id007574,(id002530) NA; (id007574) NA,(id002530) NA; (id007574) NA,(id002530) NA ;(id007574) Not recorded in MS1000a.
Duchesne,id004648; id009189,(id004648) NA; (id009189) NA,(id004648) NA; (id009189) NA,(id004648) NA ;(id009189) NA
Ducommun,id000484; id002868,(id000484) NA; (id002868) NA,(id000484) NA; (id002868) NA,(id000484) NA ;(id002868) NA
Ducret,id000689; id000690; id002531; id007575,(id000689) NA; (id000690) NA; (id002531) NA; (id007575) NA,(id000689) NA; (id000690) NA; (id002531) NA; (id007575) NA,(id000689) NA ;(id000690) NA ;(id002531) NA ;(id007575) NA
Ducrot,id001083; id002434; id006056,(id001083) NA; (id002434) NA; (id006056) NA,(id001083) NA; (id002434) NA; (id006056) NA,(id001083) NA ;(id002434) NA ;(id006056) NA
"Dudin, René Martin",id005260; id009978,(id005260) NA; (id009978) NA,(id005260) NA; (id009978) NA,(id005260) NA ;(id009978) Censor for Belles-Lettres & Histoire. Identified as 'Censeur royal et gouverneur des étuves' at https://www.famillesparisiennes.org/patro/dud.html
Dufour,id000629; id008034,(id000629) NA; (id008034) NA,(id000629) NA; (id008034) NA,(id000629) NA ;(id008034) Listed as retired in 1781 Almanach de la Librairie.
Dumesnil,id001151; id008544,(id001151) NA; (id008544) NA,(id001151) NA; (id008544) M.,"(id001151) NA ;(id008544) Dumesnil is unidentified. It is likely that this entry refers to the Rouen bookseller-printer Laurent Dumesnil, but possibly also Pierre-Jean-Victor Dumesnil, or another person of this name."
"Dumitand, L.C.",id002532; id007576,(id002532) NA; (id007576) NA,(id002532) NA; (id007576) NA,"(id002532) NA ;(id007576) Additional document - 1 signed letter 06/02/1784 to Dufour & Cie 'avec lettre de Paul Bardes, de Genève'."
Dumoulin,id004919; id009193,(id004919) NA; (id009193) NA,(id004919) NA; (id009193) NA,(id004919) NA ;(id009193) NA
"Duplan, Jean-Pierre",id001025; id002535; id007577,(id001025) NA; (id002535) NA; (id007577) NA,(id001025) NA; (id002535) NA; (id007577) NA,"(id001025) Of the Société typographique de Lausanne. ;(id002535) Partner of the Société Typographique de Lausanne. ;(id007577) See dossier Société Typographique de Lausanne, 'circulaire' 13/06/1775."
Duplessis,id005166; id009195,(id005166) NA; (id009195) NA,(id005166) NA; (id009195) NA,(id005166) NA ;(id009195) NA
Dupré,id003271; id008548; id009196,(id003271) NA; (id008548) NA; (id009196) NA,(id003271) NA; (id008548) M.; (id009196) NA,(id003271) NA ;(id008548) Dupré was based in Chaillot. ;(id009196) NA
Durand,id001422; id008040,(id001422) NA; (id008040) NA,(id001422) NA; (id008040) NA,"(id001422) NA ;(id008040) As it is not clear which Durand(s) - there are two entries on the list - among several possibilities was invited to attend the Gueffier pere (1770) stocksale, this separate record has been created."
"Durand, Laurent",id006137; id008241,(id006137) NA; (id008241) NA,(id006137) NA; (id008241) NA,"(id006137) NA ;(id008241) Active 1738-1763. Is included in database due to sale of some stock passed to his succession by M. Bauche in 1769, which was sold on behalf of his heirs and creditors at same moment as his widow's stock sale, which followed her death in 1769."
Durvey,id001745; id007467,(id001745) NA; (id007467) NA,(id001745) NA; (id007467) NA,(id001745) NA ;(id007467) NA
Duvernois,id000580; id000934,(id000580) NA; (id000934) NA,(id000580) le Chevalier; (id000934) le Chevalier,"(id000580) Author of Essais du géographie (STN, 1784). Additional documents - 1 'recu a.s.' 21/07/1782. ;(id000934) NA"
Düzler,id002536; id007578,(id002536) NA; (id007578) NA,(id002536) NA; (id007578) NA,(id002536) NA ;(id007578) NA
"Eckard, G. Ph.",id002537; id007579,(id002537) NA; (id007579) NA,(id002537) NA; (id007579) NA,(id002537) NA ;(id007579) Additional documents - 1 undated 'billet a.s.'.
"Eidous, Marc-Antoine",id003671; id010098,(id003671) NA; (id010098) NA,(id003671) NA; (id010098) NA,(id003671) NA ;(id010098) NA
Elmsly,id002874; id007644,(id002874) NA; (id007644) NA,(id002874) NA; (id007644) NA,(id002874) NA ;(id007644) NA
Etournay,id003119; id003120,(id003119) NA; (id003120) NA,(id003119) NA; (id003120) NA,(id003119) NA ;(id003120) NA
Fabre,id001611; id008566,(id001611) NA; (id008566) NA,(id001611) NA; (id008566) Mr.,"(id001611) NA ;(id008566) Both confiscations from Fabre appear to be from same person, given temporal proximity and collected by same person, Defrenet."
"Fabre, Jean",id005946; id009204,(id005946) NA; (id009204) NA,(id005946) NA; (id009204) NA,(id005946) NA ;(id009204) Jean Fabre married the widow of Laurent-François Guillaume (who had died Feb 1778). Presumably he was the Fabre who collected these books.
Faivre,id000301; id001936,(id000301) NA; (id001936) NA,(id000301) NA; (id001936) NA,"(id000301) NA ;(id001936) Additional documents - 1 undated 'billet'. See also dossier Mesmay de, procureur. Permission simple notes: Listed as bookseller in 1781 in the Almanach de la Librairie; serves as client and forwarding agent (passeur) for the Societes typographiques de Neuchatel and Lausanne. Mellot et al. date his involvement in the book trade from c. 1777-c.1823, and designate him a printer-bookseller, but no dates of reception under ancien regime, so probably only took that role in revolution."
Fallet,id001751; id007468,(id001751) NA; (id007468) NA,(id001751) NA; (id007468) NA,(id001751) NA ;(id007468) NA
Fällma,id002159; id002160,(id002159) NA; (id002160) NA,(id002159) NA; (id002160) NA,(id002159) NA ;(id002160) NA
Fantet,id000303; id002538; id007580,(id000303) NA; (id002538) NA; (id007580) NA,(id000303) NA; (id002538) NA; (id007580) NA,(id000303) NA ;(id002538) NA ;(id007580) NA
Fassbind,id002152; id002539,(id002152) NA; (id002539) Mme,(id002152) Capitaine; (id002539) NA,"(id002152) First letter is from Mme Fassbing, born Reding. ;(id002539) First letter is from Mme Fassbing, born Reding."
Faure,id001907; id001908; id001991; id002777; id008569,(id001907) NA; (id001908) NA; (id001991) NA; (id002777) NA; (id008569) NA,(id001907) NA; (id001908) NA; (id001991) NA; (id002777) NA; (id008569) Mr.,(id001907) NA ;(id001908) NA ;(id001991) NA ;(id002777) NA ;(id008569) NA
Favre,id000880; id002099; id002106; id002984; id003139; id006207,(id000880) NA; (id002099) NA; (id002106) NA; (id002984) NA; (id003139) NA; (id006207) NA,(id000880) NA; (id002099) NA; (id002106) NA; (id002984) Mme; (id003139) NA; (id006207) NA,(id000880) Pasteur de Vich. 'Pasteur à Vich'. ;(id002099) NA ;(id002106) NA ;(id002984) NA ;(id003139) NA ;(id006207) NA
"Feray, Pierre",id003137; id007673,(id003137) NA; (id007673) NA,(id003137) NA; (id007673) NA,(id003137) NA ;(id007673) Client location after transactions data.
Ferrier,id000710; id000711; id000798,(id000710) NA; (id000711) fils; (id000798) NA,(id000710) NA; (id000711) NA; (id000798) NA,(id000710) NA ;(id000711) NA ;(id000798) NA
Feytou,id000395; id000958,(id000395) NA; (id000958) NA,(id000395) NA; (id000958) NA,"(id000395) Bookseller in Langres until August 1776; teacher of mathematics at the military school of Brienne thereafter. NB. MS1102 lists a Feytou bookseller in Langres, and a Feytou prof. de maths in Brienne. They appear to be the same person. ;(id000958) NA"
Fiquet,id001755; id009640,(id001755) NA; (id009640) NA,(id001755) NA; (id009640) NA,(id001755) NA ;(id009640) NA
Fischer,id000608; id002778; id002956; id003200,(id000608) NA; (id002778) NA; (id002956) NA; (id003200) NA,(id000608) NA; (id002778) NA; (id002956) NA; (id003200) NA,(id000608) NA ;(id002778) NA ;(id002956) NA ;(id003200) NA
"Fleury, Claude",id006299; id010231,(id006299) NA; (id010231) NA,(id006299) NA; (id010231) NA,(id006299) NA ;(id010231) NA
"Fontaine, Mathias",id001305; id002541; id003156,(id001305) NA; (id002541) NA; (id003156) NA,(id001305) NA; (id002541) NA; (id003156) NA,(id001305) NA ;(id002541) After 20/05/1777 business and correspondence passes to his son Mathias Fontaine. ;(id003156) Client location from transactions data.
Fournier,id001757; id001758; id002057; id002985; id008053; id008055,(id001757) Vve; (id001758) le jeune; (id002057) NA; (id002985) NA; (id008053) NA; (id008055) NA,(id001757) NA; (id001758) NA; (id002057) NA; (id002985) NA; (id008053) NA; (id008055) NA,"(id001757) Additional documents - 1 'lettre de voiture' 14/11/1769.  From 26/04/1775, Fournier jeune. ;(id001758) Additional documents - 1 'lettre de voiture' 14/11/1769.  From 26/04/1775, Fournier jeune. ;(id002057) NA ;(id002985) NA ;(id008053) Adjoint in CS since 1 Jan 1780. Not in Mellot et al. It is impossible to relate these Fourniers to the Fournier in FBTEE-1 due to lack of data. ;(id008055) Not in Mellot et al.  It is impossible to relate these Fourniers to the Fournier in FBTEE-1 due to lack of data."
Franck,id000057; id002212,(id000057) NA; (id002212) NA,(id000057) NA; (id002212) NA,(id000057) NA ;(id002212) NA
François,id007721; id009221,(id007721) NA; (id009221) NA,(id007721) NA; (id009221) NA,(id007721)  ;(id009221) NA
Frey,id000106; id001627; id002134,(id000106) NA; (id001627) NA; (id002134) NA,(id000106) Capitaine; (id001627) NA; (id002134) NA,(id000106) NA ;(id001627) NA ;(id002134) NA
Fritz,id000803; id002878,(id000803) NA; (id002878) NA,(id000803) NA; (id002878) NA,(id000803) NA ;(id002878) NA
Froment,id002986; id008598,(id002986) NA; (id008598) NA,(id002986) NA; (id008598) M.,(id002986) NA ;(id008598) NA
"Gagnebin, Daniel",id000466; id001986,(id000466) NA; (id001986) NA,(id000466) NA; (id001986) NA,(id000466) NA ;(id001986) NA
"Gaillard, Gabriel-Henri",id004279; id009983,(id004279) NA; (id009983) NA,(id004279) NA; (id009983) NA,"(id004279) NA ;(id009983) Censor for belles lettres & histoire. ID by x-ref from ""Mémoires de l'Académie des sciences, arts et belles lettres de Dijon"" vol. 1 p. 146, where he is identified as censeur and also member of academies of Rouen and La Rochelle. This made possible identification of his Gaillard's Christian names."
Gallay,id000805; id001628,(id000805) fils; (id001628) fils,(id000805) NA; (id001628) NA,"(id000805) Additional documents - 1 'convention' 05/09/1775, 1 'facture' 05/09/1775. ;(id001628) NA"
"Gallay, Daniel",id000804; id002639,(id000804) NA; (id002639) NA,(id000804) NA; (id002639) NA,"(id000804) See dossier Maxam, André. ;(id002639) Dossier also includes documents relating to Daniel Gallay."
"Gallois, Jean-Jacques",id002544; id002640; id007582,(id002544) NA; (id002640) NA; (id007582) NA,(id002544) NA; (id002640) NA; (id007582) NA,(id002544) NA ;(id002640) NA ;(id007582) Client location from dossier Téron.
Garbo,id002334; id002335,(id002334) NA; (id002335) fils,(id002334) NA; (id002335) NA,(id002334) NA ;(id002335) NA
Garnier,id000806; id000807; id003024; id003025; id004362,(id000806) père; (id000807) fils; (id003024) NA; (id003025) NA; (id004362) NA,(id000806) NA; (id000807) NA; (id003024) NA; (id003025) NA; (id004362) NA,(id000806) NA ;(id000807) NA ;(id003024) NA ;(id003025) NA ;(id004362) NA
Gaude,id001613; id001614,(id001613) père; (id001614) fils,(id001613) NA; (id001614) NA,(id001613) NA ;(id001614) NA
Gaudet,id000166; id008607,(id000166) NA; (id008607) NA,(id000166) NA; (id008607) Mr.,"(id000166) NA ;(id008607) Gaudet in customs register, cf Godet in confiscation register."
Gauthier,id000174; id000374; id000378,(id000174) NA; (id000374) NA; (id000378) NA,(id000174) NA; (id000374) NA; (id000378) NA,(id000174) MS1100 letters (CLC1 & CLC2) are to Gauthier & Vernarel in Bourg-en-Bresse. ;(id000374) NA ;(id000378) NA
Gautier,id002402; id002403; id008609,(id002402) NA; (id002403) fils; (id008609) NA,(id002402) NA; (id002403) NA; (id008609) Mr.,(id002402) NA ;(id002403) NA ;(id008609) NA
Gay,id002213; id002214; id003030; id009656,(id002213) NA; (id002214) NA; (id003030) cadet; (id009656) NA,(id002213) NA; (id002214) NA; (id003030) NA; (id009656) NA,(id002213) NA ;(id002214) NA ;(id003030) NA ;(id009656) Not clear which Gay brother signed the register.
Gendre,id000695; id002989; id002990,(id000695) le jeune; (id002989) NA; (id002990) NA,(id000695) NA; (id002989) NA; (id002990) NA,(id000695) NA ;(id002989) NA ;(id002990) NA
George,id008242; id009241,(id008242) NA; (id009241) NA,(id008242) NA; (id009241) NA,"(id008242) This 'sieur George', whose fonds de la librairie were ceded to Sr Lesclapart and sold in 1772 has not been further identified, whether through Mellot et al, Worldcat imprint data and searches for his name in conjunction with other booksellers with whom he is known to have done business (Lesclapart, Desventes of Dijon). ;(id009241) NA"
Gérard,id001454; id002276,(id001454) NA; (id002276) NA,(id001454) NA; (id002276) NA,(id001454) NA ;(id002276) NA
Gerin,id001326; id001327,(id001326) NA; (id001327) NA,(id001326) NA; (id001327) NA,(id001326) NA ;(id001327) NA
"Gerlache, Nicolas",id001347; id002240,(id001347) NA; (id002240) NA,(id001347) NA; (id002240) NA,(id001347) NA ;(id002240) NA
"Gevril, Moïse",id001096; id007377,(id001096) NA; (id007377) NA,(id001096) NA; (id007377) NA,(id001096) NA ;(id007377) NA
Gibollet,id001589; id001590,(id001589) NA; (id001590) NA,(id001589) NA; (id001590) Mme,(id001589) NA ;(id001590) NA
Girard,id000191; id000307; id001263; id003028; id003291; id008068,(id000191) NA; (id000307) NA; (id001263) NA; (id003028) NA; (id003291) NA; (id008068) NA,(id000191) NA; (id000307) NA; (id001263) NA; (id003028) NA; (id003291) NA; (id008068) NA,(id000191) NA ;(id000307) Stock Sales Notes: no christian name in STN data ;(id001263) NA ;(id003028) NA ;(id003291) NA ;(id008068) Listed as retired in 1781 Almanach de la Librairie.
Giroud,id000893; id009821,(id000893) Vve; (id009821) NA,(id000893) Mme; (id009821) NA,(id000893) NA ;(id009821) NA
Gosselin,id000034; id001057; id001058,(id000034) NA; (id001057) père; (id001058) fils,(id000034) NA; (id001057) NA; (id001058) NA,(id000034) NA ;(id001057) NA ;(id001058) NA
Graf,id003031; id003169,(id003031) NA; (id003169) NA,(id003031) NA; (id003169) NA,(id003031) NA ;(id003169) Client location after middleman data.
Grandjacquet,id001938; id001939; id001940,"(id001938) puisné, père; (id001939) fils; (id001940) cadet",(id001938) NA; (id001939) NA; (id001940) NA,(id001938) NA ;(id001939) NA ;(id001940) NA
"Grangé, Jean-Augustin",id006854; id008074,(id006854) NA; (id008074) NA,(id006854) NA; (id008074) NA,(id006854) NA ;(id008074) Active 1730-1791. Not on list of invitees to Lottin ainé sale but is found among purchasers.
Gresset,id001941; id002512,(id001941) NA; (id002512) fils,(id001941) NA; (id002512) NA,(id001941) NA ;(id002512) NA
"Gueffier, Pierre-Charles-Augustin, dit Gueffier jeune",id008637; id009250,(id008637) NA; (id009250) NA,(id008637) M.; (id009250) NA,"(id008637) Pierre-Charles-Augustin Gueffier, dit Gueffier jeune, enterred book trade 1788. ;(id009250) Pierre-Charles-Auguste Gueffier identified as 'Gueffier jeune' after CERL. He worked in partnership with Pierre-François Gueffier in 1789-1790. MS Fr 21,9135 gives shipping nb as 144."
"Guibert, Joseph",id000355; id002823,(id000355) NA; (id002823) NA,(id000355) NA; (id002823) NA,(id000355) MS1102 lists him as a bookseller. ;(id002823) Listed as separate from Joseph Guibert of Bologne in MS1102.
Guillebert,id002545; id002546,(id002545) NA; (id002546) NA,(id002545) NA; (id002546) NA,(id002545) NA ;(id002546) NA
Guyenet,id000572; id002543; id002937,(id000572) NA; (id002543) NA; (id002937) NA,(id000572) NA; (id002543) NA; (id002937) NA,(id000572) NA ;(id002543) NA ;(id002937) NA
Haguer,id002884; id002885,(id002884) NA; (id002885) NA,(id002884) NA; (id002885) NA,(id002884) NA ;(id002885) NA
Haller,id000235; id001760,(id000235) NA; (id001760) NA,(id000235) NA; (id001760) NA,(id000235) NA ;(id001760) NA
Harlé,id002092; id002094; id002992,(id002092) NA; (id002094) l'aîné; (id002992) NA,(id002092) NA; (id002094) NA; (id002992) NA,(id002092) NA ;(id002094) NA ;(id002992) NA
"Hartmann, Jean-Rodolphe",id002495; id007557,(id002495) NA; (id007557) NA,(id002495) NA; (id007557) NA,(id002495) NA ;(id007557) NA
"Heinzerly, Samuel",id002549; id007585,(id002549) NA; (id007585) NA,(id002549) NA; (id007585) NA,(id002549) NA ;(id007585) Additional document - 1 'reçu' 16/10/1787.  Possibly the same client as Hinzely (qv.).
Henry,id000330; id002311; id002993; id008089,(id000330) NA; (id002311) fils; (id002993) NA; (id008089) NA,(id000330) NA; (id002311) NA; (id002993) NA; (id008089) NA,"(id000330) NA ;(id002311) NA ;(id002993) NA ;(id008089) Not identified. Listed in invitees list of 1783 Cossard stock sale.  Due to context, has been assumed to be a Libraire."
Hermann,id000527; id002783,(id000527) NA; (id002783) NA,(id000527) NA; (id002783) NA,(id000527) NA ;(id002783) NA
"Houard, David",id004983; id009992,(id004983) NA; (id009992) NA,(id004983) NA; (id009992) NA,"(id004983) NA ;(id009992) Censor for Belles Lettres & Histoire. Described in p. 51 announces his election to the Academie royale des inscriptions & belles-lettres and describes as 'avocat, censeur royal, associe libre de l'academie des sciences, belles lettres et arts de Rouen'. From this information multiple sources establish that Christian name is David."
"Huber, Marie",id007133; id010157,(id007133) NA; (id010157) NA,(id007133) NA; (id010157) NA,(id007133) NA ;(id010157) NA
Humbert,id002826; id002827,(id002826) NA; (id002827) NA,(id002826) NA; (id002827) NA,(id002826) NA ;(id002827) NA
"Hume, David",id003582; id010140,(id003582) NA; (id010140) NA,(id003582) NA; (id010140) NA,(id003582) NA ;(id010140) NA
"Iker, Jonas",id003133; id007672,(id003133) NA; (id007672) NA,(id003133) NA; (id007672) NA,(id003133) NA ;(id007672) NA
"Imer, David",id000565; id001593,(id000565) NA; (id001593) NA,(id000565) NA; (id001593) NA,(id000565) Bailli d'Erguel (1761-1783). 'Bailli d'Erguel'. ;(id001593) NA
"Imer, Samuel",id000566; id001594,(id000566) NA; (id001594) NA,(id000566) NA; (id001594) NA,(id000566) Bailli d'Erguel (1783-1797). 'Bailli d'Erguel'. ;(id001594) NA
Ivernois [d'],id001536; id002104; id003191,(id001536) NA; (id002104) NA; (id003191) NA,(id001536) NA; (id002104) NA; (id003191) NA,(id001536) NA ;(id002104) NA ;(id003191) NA
"Ivernois, François [d']",id000814; id001117,(id000814) NA; (id001117) NA,(id000814) NA; (id001117) NA,(id000814) NA ;(id001117) NA
Jacob,id003076; id009273,(id003076) NA; (id009273) NA,(id003076) NA; (id009273) NA,"(id003076) Chez M. Godard, jeune commissionaire au petit Montreuil à Versailles.  Client location from middleman data. ;(id009273) NA"
Jacquenod,id001232; id003073,(id001232) NA; (id003073) père,(id001232) NA; (id003073) NA,(id001232) Additional documents - 2 undated 'notes des livres'.  Includes sales to Jacquenod père & Rusand. ;(id003073) NA
Jars,id001233; id008675,(id001233) NA; (id008675) NA,(id001233) NA; (id008675) M.,(id001233) NA ;(id008675) Identified through signature 'Jars' (not Jarsse) in customs records and some confiscation records.
Jeanjaquet,id002347; id002665,(id002347) NA; (id002665) NA,(id002347) NA; (id002665) NA,(id002347) NA ;(id002665) NA
"Jeanneret, F.",id000496; id001235,(id000496) NA; (id001235) fils,(id000496) NA; (id001235) NA,(id000496) NA ;(id001235) NA
"Jeanneret, Jean-Frederich",id002550; id007586,(id002550) NA; (id007586) NA,(id002550) NA; (id007586) NA,"(id002550) Régent à Fleurier 1782-1806. ;(id007586) Additional documents - 3 'reçus a.s.' 02/03/1781, 20/03/1781 & 09/06/1779."
Jeanrenaud,id001424; id001539; id002269,(id001424) NA; (id001539) NA; (id002269) NA,(id001424) NA; (id001539) NA; (id002269) NA,(id001424) NA ;(id001539) Additional document - 1 'billet a.s.' 08/05/1782. ;(id002269) NA
Joly,id000081; id000082,(id000081) Vve; (id000082) fils,(id000081) NA; (id000082) NA,(id000081) NA ;(id000082) NA
Jourdain,id003150; id005062,(id003150) NA; (id005062) NA,(id003150) NA; (id005062) NA,(id003150) NA ;(id005062) NA
Jourdan,id008683; id009285,(id008683) NA; (id009285) NA,(id008683) M.; (id009285) NA,(id008683) NA ;(id009285) NA
Karthaus,id002414; id002415,(id002414) Vve; (id002415) fils,(id002414) NA; (id002415) NA,(id002414) NA ;(id002415) NA
"Lacombe, François",id002551; id005641; id007587,(id002551) NA; (id005641) NA; (id007587) NA,(id002551) NA; (id005641) NA; (id007587) NA,(id002551) NA ;(id005641) NA ;(id007587) From 01/11/1787 in partnership with Daniel Bonfils.
"Lacombe, Jacques",id001780; id004906,(id001780) NA; (id004906) NA,(id001780) NA; (id004906) NA,"(id001780) Stock Sales Notes: Active 1765-1788 after Mellot et al, but listed as retired in 1781 Almanach de la Librairie. Identity with FBTEE-1 Lacombe seems proved by rue Christine address reported in Mellot et al. Confiscations notes: Only Lacombe known to be active in Paris book trade at this period ;(id004906) NA"
Lacroix,id000477; id008709,(id000477) NA; (id008709) NA,(id000477) NA; (id008709) M.,(id000477) NA ;(id008709) NA
Lair,id000351; id002553,(id000351) NA; (id002553) Vve,(id000351) NA; (id002553) NA,(id000351) From 1782 Veuve Lair.  Sometimes written as Laïs de Blois. ;(id002553) From 1782 Veuve Lair.  Sometimes written as Laïs de Blois.
"Lallemant, Richard-Gontran",id004173; id007877,(id004173) NA; (id007877) NA,(id004173) NA; (id007877) M.,"(id004173) NA ;(id007877) Rouen bookdealer; books on this confiscation came from Rouen. Permission simple notes: Richard-Gontran Lallemant [or Lallemand / l'Allemand] was named as a printer-bookseller in the 1781 Almanach de la Librairie and according to Mellot et al. was in business 1754 to c. 1790. Son of Nicolas Lallement, who resigned in his favour in 1754, and received printer in place of another printer in the same year. Ennobled by letters patent (1775) when gained a hereditary privilege over printing in Rouen - hence his imprint 'l'Imprimerie privile?gie?e' and variants. Died 1807."
Lamarche [de],id001784; id001943; id001944,(id001784) NA; (id001943) NA; (id001944) NA,(id001784) NA; (id001943) NA; (id001944) NA,(id001784) NA ;(id001943) NA ;(id001944) NA
Lambert,id000453; id003043,(id000453) NA; (id003043) NA,(id000453) NA; (id003043) NA,(id000453) NA ;(id003043) NA
"Lambert, Claude-François",id006550; id010139,(id006550) NA; (id010139) NA,(id006550) NA; (id010139) NA,(id006550) NA ;(id010139) NA
Laurent,id000619; id000817; id007717,(id000619) NA; (id000817) NA; (id007717) NA,(id000619) NA; (id000817) NA; (id007717) NA,(id000619) NA ;(id000817) NA ;(id007717) 
Lavabre,id001374; id008732,(id001374) NA; (id008732) NA,(id001374) NA; (id008732) M.,(id001374) NA ;(id008732) NA
"Lavater, Johann Caspar",id002556; id007588,(id002556) NA; (id007588) NA,(id002556) NA; (id007588) NA,(id002556) NA ;(id007588) NA
"Le Bègue de Presle, Achille Guillaume",id002557; id007589,(id002557) NA; (id007589) NA,(id002557) NA; (id007589) NA,(id002557) Friend of J.J. Rousseau. ;(id007589) Additional documents - 3 'billets' 25/02/1777-22/08/1779.
Le Blanc,id001795; id009932,(id001795) NA; (id009932) NA,(id001795) NA; (id009932) NA,(id001795) NA ;(id009932) NA
Le Comte,id008130; id008736,(id008130) NA; (id008736) NA,(id008130) NA; (id008736) M.,"(id008130) No further information on this bookseller as listed at veuve Hochereau stock sale (1782). No matching entries in Mellot et al. Orthography difficult, but some entries clearly read Le Comte rather than Le Cointe or other variants, eg. MS Fr 21,824 fo. 63r.  Due to context, has been assumed to be a Libraire. ;(id008736) possibly the Parisian bookseller Le Comte listed as client cp0184."
"Le Duchat, Jacob",id006228; id010142,(id006228) NA; (id010142) NA,(id006228) NA; (id010142) NA,(id006228) NA ;(id010142) NA
"Le Febvre de Saint-Marc, Charles-Hugues",id006473; id010151,(id006473) NA; (id010151) NA,(id006473) NA; (id010151) NA,(id006473) NA ;(id010151) NA
"Le Gras, Gabriel-Abraham-Samuel",id002058; id002122,(id002058) NA; (id002122) NA,(id002058) NA; (id002122) NA,(id002058) NA ;(id002122) NA
Le Moine,id008137; id008743,(id008137) NA; (id008743) NA,(id008137) NA; (id008743) M.,(id008137) Listed as retired in 1781 Almanach de la Librairie. ;(id008743) NA
Le Monnier,id002046; id008831,(id002046) NA; (id008831) NA,(id002046) NA; (id008831) M.,(id002046) NA ;(id008831) NA
"Le Prieur, Pierre-Alexandre",id003733; id008138,(id003733) NA; (id008138) NA,(id003733) NA; (id008138) NA,(id003733) NA ;(id008138) Listed as retired in 1781 Almanach de la Librairie. Details from Mellot et al.
Le Prince,id002996; id009306,(id002996) NA; (id009306) NA,(id002996) NA; (id009306) NA,(id002996) NA ;(id009306) NA
Le Roux,id001804; id002219; id002892; id007757; id009737,(id001804) NA; (id002219) fils; (id002892) NA; (id007757) NA; (id009737) NA,(id001804) NA; (id002219) NA; (id002892) NA; (id007757) NA; (id009737) NA,(id001804) NA ;(id002219) NA ;(id002892) NA ;(id007757)  ;(id009737) NA
Le Roy,id000819; id002100,(id000819) NA; (id002100) NA,(id000819) NA; (id002100) NA,(id000819) NA ;(id002100) NA
Le Seure,id002672; id002673,(id002672) NA; (id002673) NA,(id002672) NA; (id002673) NA,(id002672) NA ;(id002673) NA
Le Tellier,id001808; id002220,(id001808) NA; (id002220) NA,(id001808) NA; (id002220) NA,(id001808) NA ;(id002220) NA
Leclerc,id001458; id002669,(id001458) NA; (id002669) NA,(id001458) NA; (id002669) NA,(id001458) NA ;(id002669) NA
Legrand,id001798; id009315,(id001798) NA; (id009315) NA,(id001798) NA; (id009315) NA,(id001798) Additional document - 1 'prospectus' 10/10/1779. ;(id009315) NA
Leroux,id007028; id009940,(id007028) NA; (id009940) NA,(id007028) NA; (id009940) NA,(id007028) NA ;(id009940) NA
Leuba,id000999; id002372,(id000999) NA; (id002372) NA,(id000999) NA; (id002372) NA,(id000999) NA ;(id002372) NA
"Linguet, Simon-Nicolas-Henri",id000405; id006867; id010163; id010166,(id000405) NA; (id006867) NA; (id010163) NA; (id010166) NA,(id000405) NA; (id006867) NA; (id010163) NA; (id010166) NA,(id000405) Confiscations notes: Well known controversial writer. ;(id006867) NA ;(id010163) NA ;(id010166) NA
Livio,id002075; id002076,(id002075) NA; (id002076) NA,(id002075) NA; (id002076) NA,(id002075) NA ;(id002076) NA
Lombard,id002304; id009748,(id002304) NA; (id009748) NA,(id002304) NA; (id009748) NA,(id002304) NA ;(id009748) NA
"Losey, Jean",id003088; id007664,(id003088) NA; (id007664) NA,(id003088) NA; (id007664) NA,(id003088) NA ;(id007664) Client location after middleman data.
Lucas,id002025; id009754,(id002025) NA; (id009754) NA,(id002025) NA; (id009754) NA,(id002025) NA ;(id009754) NA
Luze [de],id001242; id001545; id001546; id001548,(id001242) NA; (id001545) NA; (id001546) NA; (id001548) NA,(id001242) NA; (id001545) NA; (id001546) NA; (id001548) NA,(id001242) NA ;(id001545) NA ;(id001546) NA ;(id001548) NA
Macquer,id006188; id010086,(id006188) NA; (id010086) NA,(id006188) NA; (id010086) NA,(id006188) NA ;(id010086) NA
Maillot,id001945; id009330,(id001945) NA; (id009330) NA,(id001945) NA; (id009330) NA,(id001945) NA ;(id009330) NA
Mallet,id001333; id002124; id002125; id002312; id002741; id003189; id008796,(id001333) NA; (id002124) NA; (id002125) NA; (id002312) NA; (id002741) NA; (id003189) NA; (id008796) NA,(id001333) NA; (id002124) NA; (id002125) NA; (id002312) NA; (id002741) NA; (id003189) NA; (id008796) M.,(id001333) NA ;(id002124) NA ;(id002125) NA ;(id002312) NA ;(id002741) NA ;(id003189) NA ;(id008796) NA
"Manzon, Jean",id005722; id010154,(id005722) NA; (id010154) NA,(id005722) NA; (id010154) NA,(id005722) NA ;(id010154) NA
"Marat, Jean-Paul",id000827; id010133,(id000827) NA; (id010133) NA,(id000827) NA; (id010133) NA,(id000827) NA ;(id010133) NA
Marchand,id008147; id008801,(id008147) NA; (id008801) NA,(id008147) NA; (id008801) M.,(id008147)  ;(id008801) Possibly the Paris libraire 'Marchand' as listed in CERL.
"Marchand, Jean-Henri",id005430; id010227,(id005430) NA; (id010227) NA,(id005430) NA; (id010227) NA,(id005430) NA ;(id010227) NA
"Marchand, Prosper",id005515; id010144,(id005515) NA; (id010144) NA,(id005515) NA; (id010144) NA,(id005515) NA ;(id010144) NA
Maréchal,id001349; id009332,(id001349) NA; (id009332) NA,(id001349) NA; (id009332) NA,(id001349) Stock Sales Notes: ;(id009332) NA
Martel,id002898; id008808,(id002898) NA; (id008808) NA,(id002898) NA; (id008808) M.,(id002898) NA ;(id008808) NA
Martin,id001244; id001289; id001814; id002116; id002674; id002793; id003126; id007473; id008149; id009335,(id001244) NA; (id001289) le Père; (id001814) NA; (id002116) NA; (id002674) NA; (id002793) NA; (id003126) NA; (id007473) NA; (id008149) NA; (id009335) NA,(id001244) NA; (id001289) NA; (id001814) NA; (id002116) NA; (id002674) NA; (id002793) NA; (id003126) NA; (id007473) NA; (id008149) NA; (id009335) NA,(id001244) NA ;(id001289) NA ;(id001814) NA ;(id002116) NA ;(id002674) NA ;(id002793) NA ;(id003126) NA ;(id007473) NA ;(id008149) Not identified through Mellot et al.. Invite to Gueffier sale is unclear due to smudge and tear and could refer to someone else. ;(id009335) NA
Masson,id000385; id008150,(id000385) NA; (id008150) NA,(id000385) NA; (id008150) NA,"(id000385) NA ;(id008150) None of Massons in Mellot et al. fits the person in this entry, who bought books at the veuve Hochereau stock sale in 1782.  Due to context, has been assumed to be a Libraire."
Mathieu,id001460; id002831; id009337,(id001460) NA; (id002831) NA; (id009337) NA,(id001460) NA; (id002831) NA; (id009337) NA,(id001460) Additional document - 1 printed 'catalogue [de] livres au rabais' 1779. Stock Sales Notes: Tentative -note also Mathieu dit Gerbe below ;(id002831) NA ;(id009337) NA
"Matthieu, Henri-François",id002563; id007591,(id002563) NA; (id007591) NA,(id002563) NA; (id007591) NA,(id002563) NA ;(id007591) Additional document - 1 'facture a.s.' 13/04/1772.
"Mayor, D",id002564; id007592,(id002564) NA; (id007592) NA,(id002564) NA; (id007592) NA,(id002564) NA ;(id007592) Letter is undated.
Mechel,id002492; id002493,(id002492) NA; (id002493) NA,(id002492) NA; (id002493) NA,(id002492) NA ;(id002493) NA
"Meister, Jakob Heinrich",id005360; id010219,(id005360) NA; (id010219) NA,(id005360) NA; (id010219) NA,(id005360) NA ;(id010219) NA
"Menoud, Jean-Frederich",id002565; id007593,(id002565) NA; (id007593) NA,(id002565) NA; (id007593) NA,(id002565) NA ;(id007593) Additional document - 1 'facture a.s.' 06/05/1775.
Méquignon,id001817; id008151,(id001817) NA; (id008151) NA,(id001817) NA; (id008151) NA,"(id001817) NA ;(id008151) It is not clear which of the several Méquignon family members was intended by the records of the 1778 Despilly sale, so this non-specific record was created.  Due to context, has been assumed to be a Libraire."
"Mercier, Louis-Sébastien",id001818; id003878,(id001818) NA; (id003878) NA,(id001818) NA; (id003878) NA,(id001818) NA ;(id003878) NA
"Merlin, Joseph",id006994; id008160,(id006994) NA; (id008160) NA,(id006994) NA; (id008160) NA,"(id006994) NA ;(id008160) Listed as retired in 1781 Almanach de la librairie. Confiscations notes: Only Parisian book-seller of this name at period, active 1762-1783. Died 18 March 1783. Almanach de la librairie says he was retired by 1781. All entries in confiscation register predate this mention of retirement by 5 years."
Merlino,id001247; id001248,(id001247) Vve; (id001248) fils,(id001247) NA; (id001248) NA,(id001247) NA ;(id001248) NA
Meuron,id001106; id001309; id003190,(id001106) NA; (id001309) NA; (id003190) NA,(id001106) NA; (id001309) NA; (id003190) NA,(id001106) NA ;(id001309) NA ;(id003190) NA
"Meuron, Jean-Antoine",id001542; id001557; id001559,(id001542) NA; (id001557) fils aîné; (id001559) NA,(id001542) NA; (id001557) NA; (id001559) NA,"(id001542) Son of Felix-Henri Meuron, brother of Charles Joseph Meuron. ;(id001557) NA ;(id001559) NA"
Meyer,id002833; id003183,(id002833) NA; (id003183) NA,(id002833) NA; (id003183) NA,(id002833) NA ;(id003183) Client location after middleman data.
Michel,id000168; id000169; id000438; id001634; id007765,(id000168) père; (id000169) fils; (id000438) NA; (id001634) NA; (id007765) NA,(id000168) NA; (id000169) NA; (id000438) NA; (id001634) NA; (id007765) NA,(id000168) NA ;(id000169) NA ;(id000438) Additional document - 1 'prospectus'. ;(id001634) NA ;(id007765) 
Monnier,id000312; id002676; id007623,(id000312) NA; (id002676) NA; (id007623) NA,(id000312) NA; (id002676) NA; (id007623) NA,(id000312) NA ;(id002676) 'Avocat au Parlement'. ;(id007623) NA
"Monnier, Pierre André",id002568; id007596,(id002568) NA; (id007596) NA,(id002568) NA; (id007596) NA,(id002568) NA ;(id007596) Additional document - 1 'convention pour le tarif des relieures' 08/02/1775.
Monod,id001107; id001410,(id001107) NA; (id001410) le cadet,(id001107) NA; (id001410) NA,(id001107) NA ;(id001410) NA
"Montandon, Isaac",id002570; id007598,(id002570) NA; (id007598) NA,(id002570) NA; (id007598) NA,(id002570) NA ;(id007598) NA
Montmoullin Deluze,id003118; id007670,(id003118) NA; (id007670) NA,(id003118) NA; (id007670) NA,(id003118) NA ;(id007670) NA
Morel,id002836; id002837; id006957; id008837,(id002836) NA; (id002837) NA; (id006957) NA; (id008837) NA,(id002836) NA; (id002837) NA; (id006957) NA; (id008837) M.,(id002836) NA ;(id002837) NA ;(id006957) NA ;(id008837) NA
Morin,id000834; id001830; id008164; id009783,(id000834) NA; (id001830) NA; (id008164) NA; (id009783) NA,(id000834) NA; (id001830) Mme; (id008164) NA; (id009783) NA,"(id000834) NA ;(id001830) NA ;(id008164) Permission simple notes: Described as printer specialising in devotional works and based in rue Saint-Jacques in 1781 Almanach de la Librairie, but as Libraire in the Permission Simple registers. This is still probably the same Morin, however, as in 1783 Benoît Morin went bankrupt and had to cede his printshop. Continued in trade til 1802. Seems to be only Morin trading in Paris at time granted permission simple. Dates trading in Paris Nov. 1772 to 1717 (as printer-bookseller Nov 1772-1783; as bookseller thereafter). ;(id009783) Customs register signatory might be Benoi?t Morin, who suffered a couple of confiscations around this time, but lack of signature or other confirmatory evidence mean this is only conjecture."
"Moutard, Nicolas-Léger",id001831; id004473,(id001831) NA; (id004473) NA,(id001831) NA; (id004473) NA,(id001831) Stock Sales Notes: Details after Mellot et al. Only Moutard listed. Confiscations notes: Only Moutard trading in Paris or listed in CERL. ;(id004473) NA
Muilman,id000026; id000027,(id000026) NA; (id000027) fils,(id000026) NA; (id000027) NA,(id000026) NA ;(id000027) NA
"Muller, Jean [de]",id000838; id002142,(id000838) NA; (id002142) NA,(id000838) NA; (id002142) NA,(id000838) NA ;(id002142) NA
Munier,id001949; id009349,(id001949) NA; (id009349) NA,(id001949) NA; (id009349) NA,(id001949) NA ;(id009349) NA
Muret,id001411; id001412; id002743,(id001411) NA; (id001412) NA; (id002743) père,(id001411) NA; (id001412) NA; (id002743) NA,"(id001411) MS1100 contains a reference to Muret père & fils, included here (CLC2 1239). ;(id001412) MS1100 contains a reference to Muret père & fils, included here (CLC2 1239). ;(id002743) MS1100 contains a reference to Muret père & fils, included here (CLC2 1239)."
Murray,id001047; id001048,(id001047) NA; (id001048) NA,(id001047) NA; (id001048) NA,(id001047) NA ;(id001048) NA
Neveu,id001321; id001672,(id001321) NA; (id001672) NA,(id001321) NA; (id001672) NA,(id001321) NA ;(id001672) NA
Nölling,id003045; id003046,(id003045) NA; (id003046) fils,(id003045) NA; (id003046) NA,(id003045) NA ;(id003046) NA
Nyon,id001868; id002572,(id001868) NA; (id002572) l'aîné,(id001868) NA; (id002572) NA,(id001868) NA ;(id002572) NA
"Olivier, Charles",id002573; id007601,(id002573) NA; (id007601) NA,(id002573) NA; (id007601) NA,(id002573) NA ;(id007601) Additional document - 1 printed 'circulaire' 08/07/1785.
Paccotton,id002448; id002449,(id002448) NA; (id002449) fils,(id002448) NA; (id002449) NA,(id002448) NA ;(id002449) NA
Panchaud,id000028; id001671,(id000028) NA; (id001671) NA,(id000028) NA; (id001671) NA,(id000028) NA ;(id001671) NA
Paris,id001181; id002691,(id001181) NA; (id002691) NA,(id001181) NA; (id002691) NA,(id001181) NA ;(id002691) NA
"Parmentier, Antoine-Augustin",id006723; id008870,(id006723) NA; (id008870) NA,(id006723) NA; (id008870) Mr.,"(id006723) NA ;(id008870) Antoine-Augustin Parmentier is author of confiscated book: 'Avis aux habitans des villes et des campagnes de la province de Languedoc : sur la manie?re de traiter leurs grains, et d'en faire du pain' (Paris: Imprimerie des Etats de Languedoc, 1787)."
Parquez,id002909; id002910,(id002909) Vve; (id002910) NA,(id002909) NA; (id002910) NA,(id002909) NA ;(id002910) NA
"Patin, F",id002574; id007602,(id002574) NA; (id007602) NA,(id002574) NA; (id007602) NA,(id002574) NA ;(id007602) Additional documents - 1 'engagement' 20/12/1770.
"Paulet, Jean-Jacques",id001838; id010005,(id001838) NA; (id010005) NA,(id001838) NA; (id010005) NA,"(id001838) NA ;(id010005) Censor for medicine. ID after 'Commentaires de la Faculté de médecine de Paris , 1777 à 1786 : publiés sous les auspices du Conseil de l'Université / Professeur A. Pinard ... H. Varnier ... H. Hartmann ... F. Widal ... G. Steinheil', p. 575, where he is identified as censor ( https://archive.org/stream/b28039221_0001/b28039221_0001_djvu.txt). Paulet was a member of the Faculties of Medicine of the Universities of Montpellier and Paris. His address is given in Almanac royal, 1786 as rue des Poitevins."
Pellier,id000316; id002575,(id000316) NA; (id002575) l'aîné,(id000316) NA; (id002575) NA,(id000316) NA ;(id002575) NA
Pelt [de],id000365; id005395,(id000365) NA; (id005395) NA,(id000365) le chevalier; (id005395) NA,"(id000365) Additional documents - 1 prospectus', 1 'protet' 1774, 1 'compte' 30/06/1778. See dossier Guyet 13/05/1775. ;(id005395) NA"
Perellet,id003127; id003166,(id003127) NA; (id003166) NA,(id003127) NA; (id003166) NA,(id003127) NA ;(id003166) NA
Perisse,id001253; id001254,(id001253) NA; (id001254) NA,(id001253) NA; (id001254) NA,(id001253) NA ;(id001254) NA
Perrault,id000584; id003612,(id000584) NA; (id003612) NA,(id000584) NA; (id003612) NA,(id000584) NA ;(id003612) NA
"Perregaux, Jean-Frédéric",id001839; id008879,(id001839) NA; (id008879) NA,(id001839) NA; (id008879) Mr.,"(id001839) In 1769 chez M. Panchaud, rue st. Sauveur, Paris. CL1 32 'mémoire envoyé à M. Perregaux, Paris'. ;(id008879) Jean-Frédéric Perrgaux, the Neuchatelois banker, was based in Paris from 1765. He is almost certainly the person indicated in this record."
Perrenod,id001343; id002682,(id001343) NA; (id002682) NA,(id001343) NA; (id002682) NA,(id001343) NA ;(id002682) NA
Perrin,id001194; id001842; id009368,(id001194) NA; (id001842) NA; (id009368) NA,(id001194) NA; (id001842) NA; (id009368) NA,(id001194) NA ;(id001842) Additional document - 1 'billet' 31/05/1780. ;(id009368) NA
Perron,id000070; id001950; id001951,(id000070) NA; (id001950) NA; (id001951) fils,(id000070) NA; (id001950) NA; (id001951) NA,(id000070) NA ;(id001950) NA ;(id001951) NA
Peter,id000610; id007302,(id000610) NA; (id007302) NA,(id000610) NA; (id007302) NA,(id000610) NA ;(id007302) Brother of Jean-Louis Peter of Neuchâtel.
Petitpierre,id002453; id003081; id003146,(id002453) NA; (id003081) NA; (id003146) NA,(id002453) NA; (id003081) NA; (id003146) NA,(id002453) NA ;(id003081) 'Maire de Neuchâtel'. 'Maire de Neuchâtel'. ;(id003146) NA
"Petitpierre, Jonas",id002580; id007605,(id002580) l'ainé; (id007605) NA,(id002580) NA; (id007605) NA,(id002580) NA ;(id007605) Additional document - 1 'facture' 18/04/1787.
Pettolaz,id000447; id000448,(id000447) père; (id000448) fils,(id000447) NA; (id000448) NA,(id000447) NA ;(id000448) NA
Peyer,id002144; id002146,(id002144) NA; (id002146) NA,(id002144) NA; (id002146) NA,(id002144) NA ;(id002146) NA
"Peyron, Jean-François",id006766; id010195,(id006766) NA; (id010195) NA,(id006766) NA; (id010195) NA,(id006766) NA ;(id010195) NA
Philippin,id002105; id002110,(id002105) NA; (id002110) fils,(id002105) NA; (id002110) NA,(id002105) NA ;(id002110) NA
"Pilati di Tassulo, Carlo Antonio",id003639; id010153,(id003639) NA; (id010153) NA,(id003639) NA; (id010153) NA,(id003639) NA ;(id010153) NA
"Pingeon, Daniel",id003222; id007661,(id003222) NA; (id007661) NA,(id003222) NA; (id007661) NA,(id003222) NA ;(id007661) Client location from agent data.
Planche,id001662; id002406,(id001662) NA; (id002406) NA,(id001662) NA; (id002406) NA,(id001662) NA ;(id002406) NA
Plassan,id001845; id008890,(id001845) NA; (id008890) NA,(id001845) NA; (id008890) M.,"(id001845) NA ;(id008890) Name spelt Plassan in confiscation register, which seems more probable in the light of the ballot marque P.L. than the rendering Blassan, which is found in the customs register."
"Poissonnier-Desperrières, Antoine",id003876; id010009,(id003876) NA; (id010009) NA,(id003876) NA; (id010009) NA,"(id003876) NA ;(id010009) Censor for Medicine. ID after Birn, 'Royal Censorship of Books', index entry."
Poncelin,id001846; id007475,(id001846) NA; (id007475) NA,(id001846) NA; (id007475) NA,(id001846) NA ;(id007475) NA
"Prat, François",id000726; id007322,(id000726) NA; (id007322) NA,(id000726) NA; (id007322) NA,(id000726) NA ;(id007322) NA
Preiswerck,id000129; id000132,(id000129) NA; (id000132) fils,(id000129) NA; (id000132) NA,(id000129) NA ;(id000132) NA
Prevost,id001344; id002901,(id001344) NA; (id002901) NA,(id001344) NA; (id002901) NA,(id001344) NA ;(id002901) NA
Prince,id002584; id002687,(id002584) NA; (id002687) NA,(id002584) NA; (id002687) NA,(id002584) NA ;(id002687) NA
Quesnel,id002310; id008916,(id002310) NA; (id008916) NA,(id002310) NA; (id008916) M.,"(id002310) NA ;(id008916) spelling from signature. Probably Avranches bookseller François Quesnel, esp as books arrive from nearby Caen. No other matches."
"Racine, Jean",id002027; id005530,(id002027) NA; (id005530) NA,(id002027) NA; (id005530) NA,"(id002027) Additional document - 1 printed 'circulaire' 01/11/1783.  Succeeded Machuel, see 'circulaire' 25/09/1783. Confiscations notes: Racine only listed as a libraire in other FBTEE datasets, but no other Racine listed in CERL, which lists him as Imprimeur-libraire. Permission simple notes: Listed in the Almanach de la Librarie for 1781 merely as a bookseller named Racine. Mellot et al say his presence in Rouen is attested from April 1781 and that he was an associate, then from Sept / October 1783 successor, to the bookseller Pierre Machuel, trading from the latter's address in rue de la Ganterie. Racine remained in business til around 1805, though in 1803 sold part of fonds. Died 1814 ;(id005530) NA"
"Rainaldis, Alexandre",id000800; id000858,(id000800) NA; (id000858) NA,(id000800) NA; (id000858) NA,"(id000800) NA ;(id000858) See dossiers Daniel Argand & Rainaldis 1780, Flournoy fils & Rainaldis 1780-1786."
Rameau,id000598; id000599,(id000598) Vve; (id000599) fils,(id000598) NA; (id000599) NA,(id000598) NA ;(id000599) NA
Reboul,id000501; id008922,(id000501) NA; (id008922) NA,(id000501) NA; (id008922) Mr.,"(id000501) NA ;(id008922) Reboul in confiscations register but Retout in customs register and Renon [?] in MS 21,935. Impossible to tell which is correct: none of sources signed. Dawson gives as Reboul."
Regnault,id001266; id002296,(id001266) le jeune; (id002296) le jeune,(id001266) NA; (id002296) NA,"(id001266) 'Commis libraire, puis libraire à Turin'. 'Commis libraire, puis libraire à Turin'. A specialist in 'philosophical' books. See also Baritol, Vve. ;(id002296) NA"
Reguilliat,id001268; id001269,(id001268) Vve; (id001269) fils,(id001268) NA; (id001269) NA,(id001268) NA ;(id001269) NA
Remy,id002842; id009405,(id002842) NA; (id009405) NA,(id002842) NA; (id009405) NA,(id002842) NA ;(id009405) NA
Renaud,id000320; id000321; id002752; id003225; id009406,(id000320) NA; (id000321) NA; (id002752) Mme; (id003225) NA; (id009406) NA,(id000320) NA; (id000321) NA; (id002752) NA; (id003225) NA; (id009406) NA,(id000320) NA ;(id000321) NA ;(id002752) NA ;(id003225) NA ;(id009406) NA
Renaud-Ducreux,id001852; id001853,(id001852) NA; (id001853) NA,(id001852) NA; (id001853) NA,(id001852) NA ;(id001853) NA
Rey,id000701; id001854; id002688,(id000701) NA; (id001854) l'aîné; (id002688) NA,(id000701) Dr; (id001854) NA; (id002688) NA,(id000701) NA ;(id001854) NA ;(id002688) NA
Reycends,id002297; id002298,(id002297) NA; (id002298) NA,(id002297) NA; (id002298) NA,(id002297) NA ;(id002298) NA
Richard,id000084; id002912,(id000084) fils; (id002912) NA,(id000084) NA; (id002912) NA,(id000084) NA ;(id002912) NA
Rigaud,id001388; id002690,(id001388) NA; (id002690) NA,(id001388) NA; (id002690) NA,(id001388) NA ;(id002690) NA
Rivet,id002999; id009413,(id002999) NA; (id009413) NA,(id002999) NA; (id009413) NA,(id002999) NA ;(id009413) NA
Robert,id000153; id000176; id000323; id000376; id000377; id000483; id000486; id001921; id001922; id003215; id003223,(id000153) NA; (id000176) NA; (id000323) NA; (id000376) NA; (id000377) NA; (id000483) NA; (id000486) fils; (id001921) NA; (id001922) NA; (id003215) NA; (id003223) NA,(id000153) NA; (id000176) NA; (id000323) NA; (id000376) NA; (id000377) NA; (id000483) NA; (id000486) NA; (id001921) NA; (id001922) NA; (id003215) NA; (id003223) NA,(id000153) NA ;(id000176) NA ;(id000323) Letter 20/10/1783 is from Robert fils. ;(id000376) NA ;(id000377) NA ;(id000483) NA ;(id000486) NA ;(id001921) NA ;(id001922) NA ;(id003215) Client location after transactions data. ;(id003223) NA
"Robert, François",id001857; id009223,(id001857) NA; (id009223) NA,(id001857) NA; (id009223) NA,(id001857) NA ;(id009223) NA
"Robinet, Jean-Baptiste-Rene",id010236; id010237,(id010236) NA; (id010237) NA,(id010236) NA; (id010237) NA,(id010236) NA ;(id010237) NA
"Robinet, Joseph",id004177; id009844,(id004177) NA; (id009844) NA,(id004177) NA; (id009844) NA,(id004177) NA ;(id009844) NA
Robiquet,id002801; id007783; id007927,(id002801) l'aîné; (id007783) NA; (id007927) NA,(id002801) NA; (id007783) NA; (id007927) NA,"(id002801) NA ;(id007783) Permission simple notes: Listed as a bookseller in 1781 Almanach de la Librairie. ;(id007927) Not identified. Possibly Robiquet l'ai?ne?, who was based in Rennes (see Almanach de la Librairie, 1781) and whose name appears (among many) in imprint for a 1785 edition of Beaumarchais 'La Folle Journe?e ou le mariage de Figaro.'"
Rochat,id002004; id002457,(id002004) NA; (id002457) NA,(id002004) NA; (id002457) NA,(id002004) NA ;(id002457) NA
Roland,id000259; id001484; id009421,(id000259) NA; (id001484) fils; (id009421) NA,(id000259) NA; (id001484) NA; (id009421) NA,(id000259) NA ;(id001484) NA ;(id009421) NA
Rosselet,id000262; id000490; id002349,(id000262) le jeune; (id000490) NA; (id002349) NA,(id000262) Dr; (id000490) NA; (id002349) NA,(id000262) NA ;(id000490) NA ;(id002349) NA
"Rosselet, Henry",id001273; id002356,(id001273) fils; (id002356) cadet,(id001273) NA; (id002356) NA,(id001273) Son of Henry Rosselet cadet of Verrières. Additional document - 1 'circulaire' 31/08/1781. ;(id002356) NA
Rougemont,id001113; id001860,(id001113) NA; (id001860) NA,(id001113) NA; (id001860) NA,(id001113) NA ;(id001860) NA
Roulet,id000394; id001498; id001499,(id000394) NA; (id001498) NA; (id001499) NA,(id000394) NA; (id001498) NA; (id001499) NA,(id000394) Additional documents - 3 'reçu a.s.' 1778-1782. ;(id001498) NA ;(id001499) NA
Roullet,id001331; id009424,(id001331) NA; (id009424) NA,(id001331) NA; (id009424) NA,(id001331) NA ;(id009424) NA
"Rousseau, Jean-Jacques",id003269; id010135; id010229,(id003269) NA; (id010135) NA; (id010229) NA,(id003269) NA; (id010135) NA; (id010229) NA,(id003269) NA ;(id010135) NA ;(id010229) NA
Roussel,id002696; id007627; id008956,(id002696) NA; (id007627) NA; (id008956) NA,(id002696) NA; (id007627) NA; (id008956) M.,(id002696) NA ;(id007627) NA ;(id008956) NA
Rouyer,id000959; id009425,(id000959) NA; (id009425) NA,(id000959) NA; (id009425) NA,(id000959) NA ;(id009425) NA
Rozet,id008204; id009427,(id008204) NA; (id009427) NA,(id008204) NA; (id009427) NA,(id008204) Listed as retired in 1781 Almanach de la librairie. ;(id009427) NA
Ruffie,id009429; id009835,(id009429) NA; (id009835) NA,(id009429) NA; (id009835) NA,(id009429) NA ;(id009835) NA
Salmon,id008967; id009431,(id008967) NA; (id009431) NA,(id008967) M.; (id009431) NA,(id008967) NA ;(id009431) NA
Samson,id001873; id005156,(id001873) NA; (id005156) NA,(id001873) NA; (id005156) NA,(id001873) NA ;(id005156) NA
Sandoz,id001874; id002802; id003131,(id001874) NA; (id002802) NA; (id003131) NA,(id001874) NA; (id002802) NA; (id003131) Mme.,(id001874) NA ;(id002802) NA ;(id003131) NA
Saum,id002225; id002226,(id002225) NA; (id002226) NA,(id002225) NA; (id002226) NA,(id002225) NA ;(id002226) NA
Savenat,id009433; id009726,(id009433) NA; (id009726) NA,(id009433) NA; (id009726) NA,(id009433) NA ;(id009726) NA
"Scheuchzer, Jean",id002486; id003057,(id002486) NA; (id003057) NA,(id002486) NA; (id003057) NA,(id002486) NA ;(id003057) NA
Schneider,id000945; id001623,(id000945) NA; (id001623) NA,(id000945) NA; (id001623) NA,(id000945) NA ;(id001623) NA
Second,id001879; id007478,(id001879) NA; (id007478) NA,(id001879) NA; (id007478) NA,(id001879) NA ;(id007478) NA
"Sélis, Nicolas-Joseph",id006399; id010021,(id006399) NA; (id010021) NA,(id006399) NA; (id010021) NA,"(id006399) NA ;(id010021) ID after Wikipedia entry cross-referenced to his 'approbation' affixed to 'Bibliothèque universelle des romans', where Sélis, 'censeur royal, professeur d'eloquence, des Academies de La Rochelle, Orleans, Amiens, Berlin &c.'"
Sergent,id000266; id008982,(id000266) NA; (id008982) NA,(id000266) NA; (id008982) M.,(id000266) NA ;(id008982) NA
Soresi,id001365; id001366,(id001365) NA; (id001366) NA,(id001365) NA; (id001366) NA,(id001365) NA ;(id001366) NA
Suchard,id000371; id000372,(id000371) NA; (id000372) NA,(id000371) NA; (id000372) NA,(id000371) NA ;(id000372) NA
Sylvett,id000240; id000271,(id000240) NA; (id000271) NA,(id000240) NA; (id000271) NA,(id000240) NA ;(id000271) NA
Tardy,id002920; id008993,(id002920) NA; (id008993) NA,(id002920) NA; (id008993) Mr.,(id002920) NA ;(id008993) NA
Tassin,id000909; id001886; id001887,(id000909) NA; (id001886) Vve; (id001887) fils,(id000909) NA; (id001886) NA; (id001887) NA,(id000909) NA ;(id001886) NA ;(id001887) NA
Terres,id001486; id001487,(id001486) NA; (id001487) NA,(id001486) NA; (id001487) NA,(id001486) NA ;(id001487) NA
Thiriot,id001890; id009006,(id001890) NA; (id009006) NA,(id001890) NA; (id009006) M.,"(id001890) NA ;(id009006) According to the online 'Le Gazetier Universel: ressources numeriques sur la presse ancienne' at http://gazetier-universel.gazettes18e.fr/periodique/journal-litteraire-de-nancy-1782-1787, Thiriot published 2 vols of the 'Journal Litteraire de de Nancy' (IX-X) in Paris in 1782-3. Earlier and later vols were produced in Nancy by Haener or Lamort. nothing further on Thiriot has been found in the Almanach de la Librarie (1781), CERL or Worldcat. However his address for subscriptions was 'à Paris , chez M. Thiriot , rue de la Vieille-Bouderie', maison du parfumier."
Thomas,id001076; id001463; id001891,(id001076) NA; (id001463) NA; (id001891) NA,(id001076) NA; (id001463) NA; (id001891) NA,(id001076) NA ;(id001463) NA ;(id001891) NA
Thomasset,id001663; id002407,(id001663) NA; (id002407) NA,(id001663) NA; (id002407) NA,(id001663) NA ;(id002407) NA
Titot,id001380; id002280,(id001380) NA; (id002280) NA,(id001380) NA; (id002280) NA,(id001380) NA ;(id002280) NA
Tournes,id000875; id000876,(id000875) NA; (id000876) NA,(id000875) NA; (id000876) NA,(id000875) NA ;(id000876) NA
Toussaint,id001334; id002313; id002314,(id001334) NA; (id002313) NA; (id002314) frère,(id001334) NA; (id002313) NA; (id002314) NA,(id001334) NA ;(id002313) NA ;(id002314) NA
Trécourt,id000373; id003497,(id000373) NA; (id003497) NA,(id000373) NA; (id003497) NA,(id000373) 'De la Société typographique de Bouillon'.  Confiscations notes: Trécourt was a member of the of the Société typographique de Bouillon (FBTEE 1.0 database) ;(id003497) NA
Trouville,id002345; id002760,(id002345) NA; (id002760) NA,(id002345) NA; (id002760) Chevalier,(id002345) NA ;(id002760) NA
"Turckheim, Jean [de]",id002230; id003209,(id002230) fils aîné; (id003209) NA,(id002230) NA; (id003209) Baron,(id002230) NA ;(id003209) NA
Vallat-Lachapelle,id001898; id002617,(id001898) Vve; (id002617) NA,(id001898) NA; (id002617) NA,"(id001898) Additional documents - 2 'listes des livres', 1 'lettre de voiture'. ;(id002617) Additional documents - 2 'listes des livres', 1 'lettre de voiture'."
van Duren,id000660; id000661,(id000660) NA; (id000661) NA,(id000660) NA; (id000661) NA,(id000660) NA ;(id000661) NA
Vandenyver,id002619; id002620,(id002619) NA; (id002620) NA,(id002619) NA; (id002620) NA,(id002619) NA ;(id002620) NA
Vaucher,id001900; id002594,(id001900) NA; (id002594) NA,(id001900) NA; (id002594) NA,(id001900) NA ;(id002594) NA
"Venette, Nicolas",id007124; id010132,(id007124) NA; (id010132) NA,(id007124) NA; (id010132) NA,(id007124) NA ;(id010132) NA
Verrier,id001841; id001902,(id001841) NA; (id001902) NA,(id001841) NA; (id001902) NA,(id001841) NA ;(id001902) NA
Vialars,id001390; id001391,(id001390) père; (id001391) fils,(id001390) NA; (id001391) NA,(id001390) NA ;(id001391) NA
Vidal,id009039; id009465,(id009039) NA; (id009465) NA,(id009039) Mr.; (id009465) NA,(id009039) NA ;(id009465) NA
Viennot,id002118; id002119,(id002118) l'aîné; (id002119) cadet,(id002118) NA; (id002119) NA,(id002118) NA ;(id002119) NA
Vincent,id002763; id002924; id004895,(id002763) NA; (id002924) NA; (id004895) NA,(id002763) NA; (id002924) NA; (id004895) NA,(id002763) NA ;(id002924) NA ;(id004895) NA
Voltaire,id002702; id003690; id010136; id010156; id010173; id010182; id010204; id010206; id010223; id010225; id010228; id010233; id010234; id010235; id010241,(id002702) NA; (id003690) NA; (id010136) NA; (id010156) NA; (id010173) NA; (id010182) NA; (id010204) NA; (id010206) NA; (id010223) NA; (id010225) NA; (id010228) NA; (id010233) NA; (id010234) NA; (id010235) NA; (id010241) NA,(id002702) NA; (id003690) NA; (id010136) NA; (id010156) NA; (id010173) NA; (id010182) NA; (id010204) NA; (id010206) NA; (id010223) NA; (id010225) NA; (id010228) NA; (id010233) NA; (id010234) NA; (id010235) NA; (id010241) NA,(id002702) NA ;(id003690) NA ;(id010136) NA ;(id010156) NA ;(id010173) NA ;(id010182) NA ;(id010204) NA ;(id010206) NA ;(id010223) NA ;(id010225) NA ;(id010228) NA ;(id010233) NA ;(id010234) NA ;(id010235) NA ;(id010241) NA
Voss,id000203; id000204,(id000203) NA; (id000204) fils,(id000203) NA; (id000204) NA,(id000203) Additional document - 1 printed 'circulaire' 20/03/1787. ;(id000204) Additional document - 1 printed 'circulaire' 20/03/1787.
Wegmann,id000553; id002490,(id000553) NA; (id002490) NA,(id000553) NA; (id002490) NA,(id000553) NA ;(id002490) NA
